url,label
https://www.google.com,0
https://www.amazon.com,0
https://www.microsoft.com,0
https://www.github.com,0
https://www.stackoverflow.com,0
https://www.wikipedia.org,0
https://www.facebook.com,0
https://www.linkedin.com,0
https://www.twitter.com,0
https://www.youtube.com,0
https://www.apple.com,0
https://www.netflix.com,0
https://www.dropbox.com,0
https://www.paypal.com,0
https://www.ebay.com,0
http://secure-bank-update.com/login,1
http://paypal-verify.net/account,1
http://amazon-security.info/update,1
http://microsoft-login.biz/secure,1
http://google-account.tk/verify,1
http://facebook-security.ml/login,1
http://apple-id.ga/account,1
http://linkedin-verify.cf/update,1
http://twitter-secure.tk/login,1
http://netflix-account.ml/verify,1
http://192.168.1.1/bank/login,1
http://secure.bank.phishing.com,1
http://account-verify-paypal.net,1
http://amazon.security.fake.com,1
http://login.microsoft.phish.org,1
http://update-account-google.tk,1
http://secure-login-facebook.ml,1
http://verify.apple.fake.net,1
http://linkedin.account.phish.com,1
http://twitter.login.fake.org,1
http://netflix.verify.phishing.net,1
http://bank-secure.suspicious.com,1
http://paypal.update.fake.org,1
http://amazon.login.phish.net,1
http://microsoft.secure.fake.com,1
https://www.reddit.com,0
https://www.instagram.com,0
https://www.whatsapp.com,0
https://www.telegram.org,0
https://www.discord.com,0
https://www.slack.com,0
https://www.zoom.us,0
https://www.adobe.com,0
https://www.spotify.com,0
https://www.pinterest.com,0
http://google.account-verify.tk,1
http://facebook.login.phish.com,1
http://apple.secure.fake.net,1
http://amazon.update.suspicious.org,1
http://paypal.verify.phishing.com,1
http://microsoft.login.fake.tk,1
http://netflix.account.phish.net,1
http://linkedin.secure.suspicious.com,1
http://twitter.verify.fake.org,1
http://bank.login.phishing.net,1
